{"pos":{"x":-32.06464767456055,"y":-0.4978061318397522,"z":20.081106185913087},"rot":{"x":0.0,"y":198.98890686035157,"z":0.0},"name":"123","id":321,"speed":1.1299999952316285,"level":0,"power":0}